{"initial_reset_timestamp": 1593269169.8756428, "timestamps": [1593269172.7096488, 1593269175.537649, 1593269177.38137, 1593269178.967774, 1593269180.4849448, 1593269181.960171, 1593269183.517129, 1593269185.231602], "episode_lengths": [3408, 3760, 3675, 3483, 3296, 3280, 3536, 3648], "episode_rewards": [-21.0, -21.0, -20.0, -21.0, -21.0, -21.0, -21.0, -21.0], "episode_types": ["t", "t", "t", "t", "t", "t", "t", "t", "t"]}